ID,TERM
27661,mobile whiteboard
27660,3 hole puncher
27659,black desk lamps
27658,brass desk lamps
27657,cool desk lamps
27656,cute desk lamps
27655,desk decor
27654,gold desk lamps
27653,green desk lamps
27652,pink desk lamps
27651,silver desk lamps
27650,unique desk lamps
27649,vintage desk lamps
27648,wall calendars
27647,white desk lamps
27646,mini staplers
27645,heated mousepad
27644,spy camera pen
27643,clear white board
27642,mini keyboard
27641,gaming keyboard
27640,digital wall calendar
27639,youtube camera for beginners
27638,youtube camera kit
27637,led keyboard
27636,curved gaming monitor
27635,calendars
27634,portable green screens
27633,100 inch projector screen
27632,thermal receipt printer
27631,small white board
27630,shipping label printer
27629,pos system for food truck
27628,money counter
27627,magnetic calendar
27626,large white board
27625,large wall calendar
27624,desk stool
27623,desk ring light
27622,desk pad calendar
27621,desk light bar
27620,desk fan
27619,date stamps
27618,credit card reader writer
27617,credit card reader for iphone
27616,credit card machine
27615,credit card chip reader
27614,cordless desk lamp
27613,convenience store pos system
27612,clip on desk lamp
27611,clamp desk lamp
27610,card swipers
27609,calendar holder
27608,bright desk lamp
27607,bluetooth receipt printer
27606,bluetooth projector
27605,bluetooth barcode scanner
27604,bankers desk lamp
27603,adjustable desk lamp
27602,acrylic wall calendar
27601,8k projector
27600,8k monitor
27599,5 drawer file cabinet
27598,4x6 label printer
27597,43 inch monitor
27596,4 drawer file cabinet
27595,3d projectors
27594,3d mouse pad
27593,360hz monitor
27592,30 inch monitor
27591,3 drawer file cabinet
27590,240hz monitor
27589,24 inch monitor
27588,1920x1080 monitor
27587,165hz monitor
27586,150 inch projector screen
27585,1440p monitor
27584,120hz monitor
27583,backdrop stand
27582,lint roller
27581,selfie stick
27580,lg portable air conditioner
27579,panda planner
27578,cute notebooks
27577,acer projector
27576,whiteboard calendar for wall
27575,receipt books
27574,laminating sheets
27573,manilla folders
27572,binder clips
27571,expo markers
27570,writing supplies
27569,hanging file folders
27568,plastic dividers
27567,counterfeit pens
27566,coin wrappers
27565,window markers
27564,foam core boards
27563,webcam covers
27562,index cards
27561,change counters
27560,book bins
27559,keyboard covers
27558,writing tablets
27557,plastic file boxes
27556,scotch laminators
27555,plastic folder with pockets
27554,mounting putty
27553,washable markers
27552,usb c mouse
27551,avery business cards
27550,clipboards
27549,white out tape
27548,flat plug extension cords
27547,microban 24 hour sanitizing spray
27546,usb speakers
27545,reusable notebooks
27544,vga splitters
27543,file box with lid
27542,strapping tape
27541,white tape
27540,poster putty
27539,self laminating sheets
27538,clear labels
27537,post it flags
27536,heavy duty magnets
27535,ink joy gel pens
27534,ethernet coupler
27533,scotch thermal laminator
27532,12 inch ruler
27531,laminating pouches
27530,portable file box
27529,liquid chalk markers
27528,notebook dividers
27527,heavy duty stapler
27526,plastic folders
27525,erasable highlighters
27524,memory foam seat cushion
27523,poster tape
27522,computer camera cover
27521,daytimer refills
27520,compact keyboard
27519,crayola watercolors
27518,index card box
27517,report covers
27516,silent mouse
27515,brass fasteners
27514,clip on microphone
27513,velcro cable ties
27512,plastic clipboards
27511,colored cardstock
27510,usb to sata adapter
27509,rubber finger tip
27508,white permanent marker
27507,hanging file boxes
27506,embossing label maker
27505,whiteboard easel
27504,6 inch ruler
27503,index dividers
27502,pressboard
27501,desktop file organizers
27500,liquid glue
27499,clear avery labels
27498,metal ruler
27497,rolodex card holder
27496,electronic wipes
27495,hours of operation sign
27494,self-adhesive laminating sheets
27493,command poster strips
27492,business card magnets
27491,wall map
27490,foot rest stool
27489,combination padlock
27488,crayola oil pastels
27487,password notebook
27486,note cards with envelopes
27485,wireless charging lamp
27484,certificate holder
27483,easel pads
27482,magnifying lamp with light
27481,dvi adapter
27480,void stamp
27479,spiral notebook wide ruled
27478,2 subject notebook
27477,crayon sharpener
27476,transparency film
27475,industrial strength velcro
27474,quad ruled notebook
27473,wireless lamp
27472,large desk calendar
27471,sentry fire safe
27470,16gb flash drive
27469,plastic magazine holder
27468,dvd cleaner
27467,composition notebook wide ruled
27466,black corner shelves
27465,fingertip grips
27464,post it note dispenser
27463,five subject notebook
27462,for deposit only stamp
27461,wall safe tape
27460,typewriter ribbon
27459,envelope moistener
27458,ethernet crossover cable
27457,file folders colored
27456,filing cabinet folder hangers
27455,hole reinforcements
27454,washable dry erase markers
27453,hardcover journal
27452,page magnifier
27451,external hard drive cable
27450,2 inch 3 ring binder
27449,sony monitor
27448,rolodex cards
27447,cleaning duster
27446,chalkboard eraser
27445,file cart
27444,tablet tripod
27443,locking file box
27442,currency straps
27441,white binder
27440,headphone jack splitter
27439,audio extension cable
27438,heavy bookends
27437,confidential stamp
27436,lightning cable to aux
27435,optical cable splitter
27434,file tote
27433,commercial cool air conditioner
27432,custom raffle tickets
27431,card collection binder
27430,stamp kit
27429,single hole punch
27428,literature organizer
27427,jumbo book covers
27426,security envelopes
27425,printer cleaning kit
27424,universal power cord
27423,thin markers
27422,erasable markers
27421,usb monitor adapter
27420,check binder
27419,rolled address labels
27418,presentation binder
27417,telephone stand
27416,packing tape dispenser
27415,business stapler
27414,duct tape
27413,door stops
27412,command hooks
27411,spin mop
27410,exacto knife
27409,double sided tape
27408,teflon tape
27407,thumb tacks
27406,shelf liner
27405,box cutter
27404,no soliciting sign
27403,shelf organizer
27402,gorilla tape
27401,work gloves
27400,do not enter sign
27399,electrical tape
27398,inspected by stickers
27397,alcohol wipes
27396,bluetooth printer
27395,drug test kits
27394,mop bucket
27393,push pins
27392,shoe covers
27391,card sleeves
27390,gaffer tape
27389,file folders
27388,3 ring binder
27387,kleenex hand towels
27386,furniture sliders
27385,memo pads
27384,stainless steel table
27383,brother label maker
27382,germ x hand sanitizer
27381,file bins
27380,command hooks for curtains
27379,coin sorter
27378,magnetic door stop
27377,magnetic dry erase board
27376,white duct tape
27375,label machine
27374,hinge door stop
27373,office shredders
27372,heavy duty command hooks
27371,outdoor command hooks
27370,command hooks for pictures
27369,black duct tape
27368,colored duct tape
27367,clear duct tape
27366,clear command hooks
27365,reusable lint roller
27364,fine tip sharpie
27363,coin roller
27362,brown duct tape
27361,evercare lint roller
27360,ultra fine sharpie
27359,cast iron door stops
27358,double sided duct tape
27357,spring door stop
27356,door stop alarm
27355,red duct tape
27354,small command hooks
27353,2 inch binder
27352,pin boards
27351,door stop cat
27350,floor door stop
27349,paper cutter small
27348,rubber door stop
27347,decorative door stops
27346,waterproof duct tape
27345,yellow duct tape
27344,lint roller refills
27343,ream paper
27342,heavy duty staple remover
27341,lint roller for pet hair
27340,continuous recording security camera
27339,4 camera security systems
27338,vivitar security camera
27337,annke security cameras
27336,amcrest security cameras
27335,easy to install security cameras
27334,security cameras without subscription
27333,defender security cameras
27332,360 security cameras
27331,geeni security camera
27330,indoor outdoor security cameras
27329,bluetooth security cameras
27328,business security cameras
27327,light bulb security cameras
27326,ip security cameras
27325,wireless indoor security cameras
27324,cheap wireless security cameras
27323,commercial security cameras
27322,doorbell security cameras
27321,night vision security cameras
27320,outdoor battery powered security camera with smartphone app
27319,vivint security cameras
27318,poe security camera systems
27317,hidden outdoor security cameras
27316,reolink security cameras
27315,battery powered security cameras
27314,xfinity security cameras
27313,security cameras without wifi
27312,bunker hill security cameras
27311,dvr security cameras
27310,adt security cameras
27309,cellular security cameras
27308,wyze security cameras
27307,zosi security cameras
27306,4k security cameras
27305,google security cameras
27304,cobra security cameras
27303,ring outdoor security cameras
27302,solar security cameras
27301,small security cameras
27300,wired security cameras
27299,nest security camera
27298,indoor security camera
27297,fake security cameras
27296,eufy security cameras
27295,wifi security cameras
27294,floodlight security cameras
27293,lorex security cameras
27292,swann security cameras
27291,blink security cameras
27290,ring security cameras
27289,night owl security cameras
27288,wireless outdoor security cameras
27287,outdoor security cameras
27286,home security cameras
27285,wireless security cameras
27284,security cameras
27283,rulers
27282,wood rulers
27281,woodworking rulers
27280,westcott rulers
27279,straight edge rulers
27278,square rulers
27277,small rulers
27276,slap bracelet rulers
27275,precision rulers
27274,pocket rulers
27273,plastic rulers
27272,pink rulers
27271,millimeter rulers
27270,metric rulers
27269,magnifying rulers
27268,magnetic rulers
27267,machinist rulers
27266,long rulers
27265,laser rulers
27264,handi quilter rulers
27263,flexible rulers
27262,fabric rulers
27261,drafting rulers
27260,circle rulers
27259,centimeter rulers
27258,black rulers
27257,bendy rulers
27256,angle rulers
27255,amanda murphy rulers
27254,acrylic rulers
27253,18 inch rulers
27252,steel rulers
27251,slide rulers
27250,shirt rulers
27249,sewing rulers
27248,scale rulers
27247,architect rulers
27246,quilting rulers
27245,parallel rulers
27244,measurement rulers
27243,longarm quilting rulers
27242,l rulers
27241,folding rulers
27240,compass rulers
27239,transparent rulers
27238,deadbolt lock
27237,keypad door lock
27236,ring door lock
27235,electronic door locks
27234,door lock
27233,smart lock for outdoor gate
27232,sliding door smart lock
27231,smart lock with camera
27230,kwikset halo smart lock
27229,nest smart lock
27228,eufy smart lock
27227,lockly smart lock
27226,august wi-fi smart lock
27225,smart lock front door
27224,simplisafe smart lock
27223,smart locks for home
27222,yale smart lock
27221,august smart lock
27220,google smart lock
27219,schlage smart lock
27218,kwikset smart lock
27217,smart lock
27216,key card door lock
27215,fingerprint lock box
27214,fingerprint door lock
27213,fingerprint lock
27212,biometric door lock
27211,small laminating machine
27210,blusmart laminator
27209,large laminating machine
27208,thermal laminating sheets
27207,swingline laminator
27206,personal laminator
27205,scotch pro thermal laminator
27204,avery laminating sheets
27203,scotch self seal laminating pouches
27202,gbc laminator
27201,thermal laminator
27200,scotch laminating pouches
27199,fellowes laminator
27198,laminating machine
27197,multi page scanner
27196,large format scanner
27195,duplex scanner
27194,3d printer scanner
27193,scansnap scanner
27192,paper scanner
27191,small printer scanner
27190,3d scanners
27189,computer scanner
27188,epson v600 scanner
27187,hp printer scanner copier
27186,desktop scanner
27185,epson perfection v39
27184,all-in-one printer
27183,portable printer scanner
27182,copier printer scanner fax
27181,canon scanner
27180,laser scanner printers
27179,brother scanner
27178,neat scanner
27177,fujitsu scanner
27176,flat scanner
27175,uniden scanner
27174,printer scanner copier
27173,portable scanner
27172,autel scanner
27171,epson scanner
27170,printer scanner
27169,scanners
27168,photo scanner
27167,compact wireless printer
27166,wireless photo printer
27165,portable wireless printer
27164,canon pixma wireless printer
27163,brother wireless printer
27162,epson wireless printer
27161,wireless printer scanner copier
27160,cheap wireless printer
27159,canon wireless printer
27158,hp wireless printer
27157,wireless printer
27156,inkjet printer for heat transfer
27155,all in one inkjet printer
27154,wireless inkjet printer
27153,cheap inkjet printer
27152,color inkjet printer
27151,handheld inkjet printer
27150,brother inkjet printer
27149,epson inkjet printer
27148,hp inkjet printer
27147,inkjet printer
27146,laser printer scanner copier
27145,hp color laser printer all in one
27144,canon color laser printer all in one
27143,compact laser printer color
27142,lexmark laser printer
27141,laser printer toner
27140,dell laser printer
27139,brother laser printer black and white
27138,portable laser printer
27137,brother wireless laser printer
27136,samsung laser printer
27135,brother dual tray laser printer
27134,home laser printer
27133,compact laser printer
27132,brother monochrome laser printer
27131,brother all in one color laser printer
27130,small laser printer
27129,epson laser printer
27128,cheap laser printer
27127,wireless laser printer
27126,monochrome laser printer
27125,hp color laser printer
27124,brother laser printer all in one
27123,canon laser printer
27122,dual tray laser printer
27121,brother color laser printer
27120,color laser printer all in one
27119,hp laser printer
27118,brother laser printer
27117,color laser printer
27116,laser printer
27115,smart card reader
27114,cac card reader
27113,paypal credit card reader
27112,credit card reader for android
27111,mobile credit card reader
27110,credit card reader
27109,square credit card reader
27108,sticker printer
27107,rollo thermal label printer
27106,phomemo label printer
27105,mailing label printer
27104,bluetooth label printer
27103,wireless label printer
27102,fedex label printer
27101,6 x 4 label printer
27100,color label printer
27099,dymo label printer
27098,thermal label printer
27097,zebra label printer
27096,ups label printer
27095,usps label printer
27094,label printer
27093,dymo barcode printer
27092,handheld barcode printer
27091,barcode printer and scanner
27090,zebra barcode printer
27089,barcode printer
27088,ups barcode scanner
27087,honeywell barcode scanner
27086,handheld barcode scanner
27085,square barcode scanner
27084,symbol barcode scanner
27083,2d barcode scanner
27082,android barcode scanner
27081,zebra barcode scanner
27080,usps barcode scanner
27079,qr barcode scanner
27078,iphone barcode scanner
27077,barcode scanner
27076,citizen receipt printer
27075,usb receipt printer
27074,mobile receipt printer
27073,star receipt printer
27072,wireless receipt printer
27071,square receipt printer
27070,epson receipt printer
27069,usb signature pads
27068,signature pads for pc
27067,topaz signature pads
27066,signature capture pads
27065,stock scanners
27064,rfid reader
27063,double sided printers
27062,temperature scanner
27061,solar motion detector lights
27060,ring motion detector
27059,outdoor motion detector
27058,motion detector sprinkler
27057,motion detector lights
27056,motion detector
27055,livescan fingerprint
27054,keypad door knob
27053,fingerprint scanner
27052,fingerprint safe
27051,fingerprint ink pad
27050,fingerprint door knob
27049,fingerprint clearance card
27048,fingerprint cards
27047,electronic deadbolt
27046,door latch
27045,biometric padlock
27044,fireproof cash box
27043,square cash drawer
27042,gold money counter
27041,apg cash drawer
27040,money bands
27039,bill counter
27038,coin rolls
27037,xyz 3d printer
27036,voxelab aquila 3d printer
27035,voron 3d printer
27034,toybox 3d printer
27033,titanium 3d printer
27032,stratasys 3d printer
27031,snapmaker 3-in-1 3d printer
27030,small 3d printer
27029,sls 3d printer
27028,sla 3d printer
27027,resin 3d printer
27026,qidi 3d printer
27025,prusa 3d printer
27024,polaroid 3d printer
27023,nylon 3d printer
27022,multi color 3d printer
27021,monoprice 3d printer
27020,mini 3d printer
27019,metal 3d printer
27018,markforged 3d printer
27017,makerbot 3d printer
27016,longer 3d printer
27015,large 3d printer
27014,iiip 3d printer
27013,hp 3d printer
27012,home 3d printer
27011,glowforge 3d printer
27010,formlabs 3d printer
27009,flashforge 3d printer
27008,fdm 3d printer
27007,fastest 3d printer
27006,ender 3 3d printer
27005,dual extruder 3d printer
27004,dremel 3d printer
27003,delta 3d printer
27002,creality 3d printer
27001,corexy 3d printer
27000,commercial 3d printer
26999,clear 3d printer filament
26998,carbon fiber 3d printer
26997,artillery 3d printer
26996,anycubic 3d printer
26995,affordable 3d printer
26994,3d printer under 500
26993,3d printer pen
26992,3d printer parts
26991,3d printer nozzle
26990,3d printer material
26989,3d printer for beginners
26988,3d printer filament
26987,3d printer enclosure
26986,3d printer
26985,3d laser printer
26984,3d food printer
26983,3d concrete printer
26982,american security safes
26981,smart vault
26980,hollon safes
26979,suprakey
26978,personal safe
26977,barska safe
26976,mesa safe
26975,security box
26974,hitch safe
26973,safe lights
26972,combination safes
26971,amsec safe
26970,safe locks
26969,money lock box
26968,file cabinet safes
26967,snapsafe lock box
26966,jewelry safe with drawers
26965,stealth safes
26964,verifi safes
26963,smart safe
26962,surelock safes
26961,tidel safes
26960,restaurant safe
26959,viking safes
26958,tall safes
26957,security safe
26956,drop safe
26955,jewelry safe
26954,closet gun safe
26953,biometric safe
26952,vault door
26951,fireproof and waterproof safe
26950,small safe box
26949,fingerprint gun safe
26948,large safe
26947,electronic lock
26946,large gun safe
26945,pistol safe
26944,small gun safe
26943,biometric gun safe
26942,rifle safe
26941,vaultek safe
26940,money box
26939,fireproof box
26938,browning safes
26937,small safe
26936,deadbolt
26935,gun safe
26934,wall safe fireproof
26933,liberty safe accessories
26932,simplisafe entry sensor
26931,simplisafe motion sensor
26930,simplisafe smoke detector
26929,money safe box
26928,floor safe
26927,simplisafe outdoor camera
26926,simplisafe doorbell
26925,simplisafe
26924,hidden safes
26923,money safe
26922,wall safe
26921,safe box
26920,credit union safe
26919,fireproof safe
26918,liberty safe
26917,sentry safes
26916,nocry safety glasses
26915,3m prescription safety glasses
26914,bearkat safety glasses
26913,hoya safety glasses
26912,yellow safety glasses
26911,mesh safety glasses
26910,cute safety glasses
26909,welding safety glasses
26908,designer safety glasses
26907,carhartt safety glasses
26906,construction safety glasses
26905,safety shields for glasses
26904,pink safety glasses
26903,bluetooth safety glasses
26902,lab safety glasses
26901,photochromic safety glasses
26900,zenni safety glasses
26899,ray ban safety glasses
26898,stihl safety glasses
26897,hexarmor safety glasses
26896,mcr safety glasses
26895,fashionable safety glasses
26894,magid safety glasses
26893,safety glasses for women
26892,heat wave safety glasses
26891,retro safety glasses
26890,cool safety glasses
26889,dewalt safety glasses
26888,transition safety glasses
26887,edge safety glasses
26886,medical safety glasses
26885,safety glasses with side shields
26884,crossfire safety glasses
26883,pyramex safety glasses
26882,clear safety glasses
26881,laser safety glasses
26880,milwaukee safety glasses
26879,tinted safety glasses
26878,wiley x safety glasses
26877,polarized safety glasses
26876,bolle safety glasses
26875,pit viper safety glasses
26874,3m safety glasses
26873,safety glasses with readers
26872,bomber safety glasses
26871,uvex safety glasses
26870,bifocal safety glasses
26869,nemesis safety glasses
26868,z87 safety glasses
26867,anti fog safety glasses
26866,oakley safety glasses
26865,prescription safety glasses
26864,canon fax machines
26863,phone fax machines
26862,hp fax machine
26861,wireless fax machine
26860,brother fax machine
26859,ipad pos system
26858,ipad pos stand
26857,mobile pos system
26856,restaurant pos system
26855,shopify pos hardware
26854,retail pos system
26853,pos system for small business
26852,shopify card reader
26851,ingenico card reader
26850,pos machine
26849,toast pos system
26848,clover pos system
26847,square register
26846,pos system
26845,cash register
26844,back brace for work
26843,healthy snacks for work
26842,lunch cooler for work
26841,large conference table
26840,japanese room divider
26839,home office cabinets
26838,glass conference table
26837,folding conference table
26836,cubicles
26835,cubicle walls
26834,cubicle shelves
26833,cubicle organizer
26832,cubicle desk
26831,cubicle decor
26830,cubicle accessories
26829,conference tables
26828,8 cubicle storage
26827,6 cubicle storage
26826,4 panel room divider
26825,bikes for work
26824,magnasphere
26823,orange hard hat
26822,green hard hat
26821,3m p100 respirator
26820,safety wear
26819,ballistic glasses
26818,hard hat with chin strap
26817,pink safety vest
26816,lightweight hard hat
26815,aluminum hard hat
26814,universal glasses
26813,hygiene kits
26812,american flag hard hat
26811,safety hoodies
26810,protective helmet
26809,chemical respirator
26808,vulcan welding helmet
26807,hothands foot warmers
26806,clip on face shield for glasses
26805,bump cap insert
26804,black hard hat
26803,worker vest
26802,safety ladder
26801,sunglasses face shield
26800,propane gas detector
26799,tool holders
26798,ear defenders
26797,hard hat sun shade
26796,tool lanyard
26795,smartbulb 360
26794,fire cameras
26793,p95 mask
26792,dongle adapter
26791,honeywell safety products
26790,hard hat liners
26789,foam ear plugs
26788,blue nitrile gloves
26787,ac leak detector
26786,breathing apparatus
26785,hydro dip hard hat
26784,hard hat face shield
26783,air purifying respirator
26782,anti fog face shield
26781,airhorn
26780,hard hat light
26779,natural gas leak detector
26778,helmet lights
26777,face shield visors
26776,refrigerant leak detector
26775,bluetooth hearing protection
26774,noise cancelling ear plugs
26773,hothands
26772,escape hood
26771,safety vest with pockets
26770,safety shirts
26769,safety scissors
26768,construction hat
26767,co2 monitor
26766,safety keychain set
26765,hard hat accessories
26764,flame sensor
26763,firefighter helmet
26762,bump cap
26761,body harness
26760,n100 mask
26759,full face respirator
26758,miller welding helmet
26757,reflective jacket
26756,ear protection
26755,dust mask
26754,safety goggles
26753,thermal camera
26752,ear muffs
26751,liquid bandage
26750,ace bandage
26749,lab coat
26748,welding helmets
26747,steri strips
26746,wrist brace
26745,disposable face mask
26744,3m n95 mask
26743,safety glasses
26742,hard hat
26741,nitrile gloves
26740,lava lamp
26739,stethoscope
26738,mouse and keyboard stand
26737,computer monitor stand riser
26736,adjustable computer stand
26735,80 percent keyboard
26734,pink mechanical keyboard
26733,flashlights and headlamps
26732,white gaming keyboard
26731,80 keyboard
26730,8gb ram ddr4
26729,koss headphones
26728,backlit keyboard
26727,camera glasses
26726,red bull mini fridge
26725,magsafe popsocket
26724,varmilo keyboard
26723,razer basilisk
26722,vankyo projector
26721,apple pencil tips
26720,jbl clip 4
26719,75 keyboard
26718,logitech mx keys
26717,rode wireless go
26716,samsung 70 inch tv
26715,mouse jiggler
26714,storage for dvds
26713,apc battery backup
26712,micro usb cable
26711,g pro superlight
26710,fm transmitter
26709,2032 battery
26708,podcast equipment
26707,blue yeti nano
26706,razer viper mini
26705,wireless hdmi
26704,82 inch tv
26703,2tb ssd
26702,razer blackshark v2
26701,60 percent keyboard
26700,logitech g430 gaming headset
26699,noctua
26698,hp deskjet 3755
26697,samsung 75 inch tv
26696,bluetooth adapter
26695,sata cable
26694,hdmi to usb
26693,redragon keyboard
26692,ion speaker
26691,true wireless earbuds
26690,jbl xtreme 3
26689,arcade machine
26688,jbl earbuds
26687,epson ecotank et-2720
26686,bluetooth transmitter
26685,canon pixma
26684,bose sport earbuds
26683,dell docking station
26682,smart mirror
26681,gmmk keyboard
26680,sd card reader
26679,mophie
26678,displayport to hdmi
26677,logitech brio
26676,laptop backpack
26675,ethernet splitter
26674,blue yeti microphone
26673,logitech g pro wireless
26672,usb hub
26671,vga to hdmi
26670,logitech g920
26669,canon rebel t7
26668,hyperx cloud 2
26667,type c charger
26666,corsair icue
26665,water cooler
26664,keychron
26663,computer speakers
26662,hyperx quadcast
26661,arlo pro 3
26660,beats earbuds
26659,wireless keyboard
26658,displayport cable
26657,apple keyboard
26656,camera tripod
26655,capture card
26654,netgear wifi extender
26653,logitech keyboard
26652,sonos roam
26651,18650 battery
26650,rca cable
26649,goxlr
26648,60 keyboard
26647,google home max charcoal
26646,vga cable
26645,cr2032 battery
26644,gtx 1660
26643,wireless mouse
26642,oled tv
26641,logitech g502
26640,hard drive
26639,apple pencil 2
26638,magsafe charger
26637,ducky keyboard
26636,asus laptop
26635,flashlights
26634,razer keyboard
26633,airpods pro case
26632,nest camera
26631,hdmi splitter
26630,apple earbuds
26629,sonos arc
26628,jbl charge 4
26627,sennheiser
26626,mp3 player
26625,samsung earbuds
26624,beats studio buds
26623,glorious model o
26622,raycon
26621,rtx 3060 ti
26620,stream deck
26619,3080 ti
26618,gaming headset
26617,apple headphones
26616,mechanical keyboard
26615,ipad cases
26614,steelseries
26613,green screen
26612,microphone
26611,beats headphones
26610,airpod case
26609,gfuel
26608,computer connectors
26607,elite projector screen
26606,4k 120hz projector
26605,ultra short throw projector screen
26604,lg short throw projector
26603,holographic projector
26602,epson laser projector
26601,christie projectors
26600,panasonic projector
26599,epson projector bulbs
26598,epson refurbished projectors
26597,vankyo leisure 3 mini projector
26596,projector shelf
26595,benq 4k projector
26594,nec projector
26593,porto projector
26592,anker projector
26591,projector clock
26590,8mm projector
26589,wall projector
26588,120 inch projector screen
26587,fangor projector
26586,wifi projector
26585,human design projector
26584,dlp projector
26583,projection stands
26582,goodee projector
26581,multimedia projector
26580,laser projector 4k
26579,vava projector
26578,projector headlights
26577,epson projector 4k
26576,projecting lamp
26575,motorized projector screen
26574,qkk mini projector
26573,laser light projector
26572,ceiling projector
26571,infocus projector
26570,gaming projector
26569,xgimi projector
26568,samsung projector
26567,sony projector
26566,1080p projector
26565,hd projector
26564,onn projector
26563,cheap projectors
26562,viewsonic projector
26561,wireless projector
26560,pico projector
26559,miroir projector
26558,lg projector
26557,inflatable projector screen
26556,pull down projector screen
26555,projector mount
26554,projector screen stand
26553,smart sketcher projector
26552,portable projector screen
26551,home projector
26550,roku projector
26549,smart projector
26548,projector stand
26547,puppy hachi infinite m1 projector
26546,iphone projector
26545,small projector
26544,rca projector
26543,slide projector
26542,led projector
26541,ultra short throw projector
26540,benq projector
26539,laser projector
26538,optoma projector
26537,overhead projector
26536,phone projector
26535,outdoor projector screen
26534,portable projector
26533,movie projector
26532,epson projector
26531,outdoor projector
26530,4k projector
26529,mini projector
26528,projector screen
26527,projector
26526,portable electronic devices
26525,waterproof portable speakers
26524,cd player with speakers
26523,sony cd player
26522,cd player with bluetooth
26521,bose cd player
26520,walkman cassette player
26519,portable bluetooth speaker
26518,tape recorder
26517,portable speaker
26516,portable cd player
26515,jbl bluetooth speaker
26514,cassette player
26513,jbl boombox
26512,cd player
26511,spy audio recorder
26510,hidden voice recorder
26509,small recording devices
26508,digital recorder
26507,voice recorders
26506,recording devices
26505,voice activated recorder
26504,listening devices
26503,zoom recorder
26502,mini spy cam
26501,mini tape recorder
26500,motion camera
26499,fire scanner
26498,wireless spy camera
26497,usb killer
26496,micro camera
26495,smoke detector camera
26494,hidden security cameras
26493,spy gadgets
26492,peephole camera
26491,spy glasses
26490,spy cameras
26489,ring doorbell
26488,dymo label maker 450
26487,epson tm m30
26486,cake pos
26485,square printer
26484,zebra gk420t
26483,aldelo pos
26482,logitech usb headset h390
26481,blueparrott b550-xt
26480,jabra evolve 75e
26479,zebra gk420d
26478,revel pos
26477,zebra zd420
26476,aloha pos
26475,zebra zd410
26474,square stand
26473,jabra speak 510
26472,zebra phone
26471,pax a920
26470,plantronics cs540
26469,jabra evolve2 65
26468,sum up
26467,ncr silver
26466,clover go
26465,lightspeed pos
26464,clover flex
26463,jabra evolve 65
26462,square terminal
26461,jabra evolve 75
26460,plantronics voyager 5200
26459,square up
26458,moped
26457,hoverboard
26456,apple watch bands
26455,samsung s8 plus case
26454,pixel 2 cases
26453,cute wireless charger
26452,diamond phone case
26451,vintage phone case
26450,mcm phone case
26449,orbic wonder phone case
26448,quadlock phone case
26447,pink airpod case
26446,mens phone cases
26445,cute clear phone cases
26444,brown phone case
26443,black airpod case
26442,privacy phone case
26441,moto phone case
26440,floating phone case
26439,ysl phone case
26438,yellow jacket phone case
26437,fortnite phone case
26436,bad bunny phone case
26435,vampire diaries phone case
26434,radiant max phone case
26433,barbie phone case
26432,poetic phone case
26431,tory burch phone case
26430,card holder case
26429,morgan wallen phone case
26428,sunflower phone case
26427,dewalt phone case
26426,stranger things phone case
26425,under armour phone case
26424,outer banks phone case
26423,dragon phone case
26422,red phone case
26421,bunny phone case
26420,vans phone case
26419,sage green phone case
26418,blue phone case
26417,zizo phone case
26416,care bear phone case
26415,wildflower phone case
26414,swarovski phone case
26413,galaxy s7 phone case
26412,airpod pro case designer
26411,aesthetic ipad case
26410,goyard phone case
26409,mushroom phone case
26408,phone card case
26407,star wars phone case
26406,goth phone case
26405,coolpad phone case
26404,yellow phone case
26403,carbon fiber phone case
26402,tcl phone case
26401,spongebob phone case
26400,sailor moon phone case
26399,emma chamberlain phone case
26398,k51 phone case
26397,unicorn phone case
26396,dinosaur phone case
26395,marble phone case
26394,haikyuu phone case
26393,sheikah slate phone case
26392,rick and morty phone case
26391,bape phone case
26390,frog phone case
26389,purple phone case
26388,magpul phone case
26387,light up phone case
26386,wiko phone case
26385,sanrio phone case
26384,heyday phone case
26383,billie eilish phone case
26382,taser phone case
26381,heart phone case
26380,pokemon phone case
26379,greys anatomy phone case
26378,otterbox clear case
26377,led phone case
26376,nike phone case
26375,a11 phone case
26374,tech 21 phone case
26373,body glove phone case
26372,smiley face phone case
26371,draco malfoy phone case
26370,otterbox phone case
26369,painted phone cases
26368,baby yoda phone case
26367,otterbox apple watch case
26366,prada phone case
26365,3d phone case
26364,note 8 case
26363,carved phone case
26362,one piece phone case
26361,fidget phone case
26360,harry styles phone case
26359,otterbox ipad case
26358,decoden phone case
26357,emily in paris phone case
26356,otterbox screen protector
26355,pop socket phone case
26354,black phone case
26353,peel phone case
26352,cow print phone case
26351,sonix phone case
26350,stitch phone case
26349,butterfly phone case
26348,among us phone case
26347,loopy phone case
26346,demon slayer phone case
26345,gun phone case
26344,speck phone case
26343,otterbox popsocket
26342,casemate cases
26341,galaxy s phone case
26340,samsung phone case
26339,lg reflect phone case
26338,michael kors phone case
26337,wooden phone case
26336,phone case with strap
26335,phone ring
26334,pink phone case
26333,charging phone case
26332,hello kitty phone case
26331,cute ipad cases
26330,anime phone case
26329,motorola phone case
26328,umx phone case
26327,flaunt cases
26326,gameboy phone case
26325,airpod case for boys
26324,phone ring holder
26323,crossbody phone case
26322,harry potter phone case
26321,silicone phone case
26320,supreme phone case
26319,magnetic phone case
26318,square phone case
26317,trendy phone cases
26316,s21 phone case
26315,lifeproof phone case
26314,bts phone case
26313,coach phone case
26312,dior phone case
26311,chanel phone case
26310,off white phone case
26309,designer phone cases
26308,bandolier phone case
26307,pela phone case
26306,casetify phone cases
26305,casely phone cases
26304,naruto phone case
26303,galaxy s9 case
26302,indie phone case
26301,pelican phone case
26300,phone case with card holder
26299,mous phone case
26298,cute apple watch bands
26297,gucci phone case
26296,kate spade phone case
26295,otterbox symmetry
26294,ipad mini case
26293,wallet phone case
26292,burga phone cases
26291,otterbox defender
26290,oppo phone card case
26289,s10e cases
26288,otterbox case
26287,thermal phone case
26286,plastic phone case
26285,ipad pro case
26284,clip on phone case
26283,colorful phone cases
26282,hard shell phone case
26281,louis vuitton phone case
26280,phone case sticker pack
26279,iphone xs case
26278,clear phone case
26277,waterproof phone case
26276,pop it phone case
26275,phone case
26274,iphone se case
26273,iphone 11 case
26272,iphone 12 pro max case
26271,ink bottle for printer
26270,magnetic ink printer
26269,hp printer ink 902
26268,hp 2600 printer ink
26267,sublimation ink for hp printer
26266,hp printer ink 65
26265,canon printer ink 243
26264,white ink printer
26263,black printer ink
26262,hp 61 printer ink
26261,sublimation ink printer
26260,printer ink for canon mx490
26259,kodak printer ink
26258,canon printer ink 245
26257,hp envy printer ink
26256,edible ink printer
26255,ink tank printer
26254,brother printer ink
26253,cheap printer ink
26252,printer ink refill
26251,epson printer ink
26250,hp officejet
26249,canon printer ink
26248,hp 63 ink cartridge
26247,hp printer ink
26246,printer ink
26245,epson ecotank
26244,hp instant ink
26243,kindle cloud reader
26242,barbed wire
26241,power strip
26240,pegboard
26239,surge protector
26238,scissors
26237,led strip lights
26236,adhesive remover
26235,fabric glue
26234,driveway alarms
26233,door alarms
26232,locking mailbox
26231,closet lighting
26230,led work light
26229,under cabinet lighting
26228,socket organizer
26227,heated vest for men
26226,loopy case
26225,led floor lamps
26224,floor lamps silver
26223,tall floor lamps
26222,vintage floor lamps
26221,rustic floor lamps
26220,unique floor lamps
26219,modern floor lamps
26218,floor lamps
26217,parchment paper
26216,pewter scrubs
26215,hard hat with fan
26214,hi vis jacket
26213,construction vest
26212,construction helmet
26211,emt pants
26210,police vest
26209,welding goggles
26208,cowboy hard hat
26207,carbon fiber hard hat
26206,lift hard hat
26205,rubberized gloves
26204,safety vest
26203,green face mask
26202,louis vuitton face mask
26201,funny face mask
26200,harry potter face mask
26199,nude face mask
26198,honey face mask
26197,half face mask
26196,burberry face mask
26195,joker face mask
26194,white face mask
26193,bandana face mask
26192,face mask for men
26191,silk face mask
26190,skull face mask
26189,neoprene face mask
26188,full face mask
26187,anime face mask
26186,led face mask
26185,clear face mask
26184,mesh face mask
26183,lululemon face mask
26182,nike face mask
26181,cotton face mask
26180,face shield mask
26179,gucci face mask
26178,black face mask
26177,face shield
26176,smart switch
26175,galvanized metal planters
26174,footed planter
26173,fleece flannel
26172,disney planners
26171,disney happy planner
26170,disc planners
26169,cute planners
26168,cotton flannel
26167,concrete planter molds
26166,carpe diem planner
26165,budget planners
26164,budget book planner
26163,birthday banner
26162,big happy planner
26161,balloon banner
26160,baby flannel
26159,a5 planner inserts
26158,a5 planner binder
26157,a5 planner
26156,bloom planners
26155,writing paper
26154,transparent paper for printing
26153,parchment printing paper
26152,parchment paper for writing
26151,lined writing paper
26150,letter writing paper
26149,colored paper printing
26148,white paper texture
26147,white paper shred
26146,white construction paper
26145,white cardstock paper
26144,paper roll
26143,printer paper
26142,glossy printer paper
26141,wedding paper plates
26140,paper plates
26139,paper plants
26138,fancy paper plates
26137,yupo paper
26136,yellow paper
26135,window paper
26134,wax paper bags
26133,waterproof paper
26132,watermark paper
26131,watercolor paper
26130,washi paper
26129,wall art with paper
26128,vinyl paper
26127,verso paper
26126,velvet paper
26125,vellum paper
26124,upo paper
26123,transparent paper
26122,translucent paper
26121,textured paper
26120,tattoo paper
26119,synthetic paper
26118,sugar paper planner
26117,strathmore paper
26116,stone paper
26115,sticker paper
26114,stationery paper
26113,starry paper
26112,square paper
26111,south coast paper
26110,sketch paper
26109,silver paper
26108,shred paper
26107,shipping paper
26106,seed paper
26105,scratch paper
26104,scrapbook paper
26103,satin paper
26102,sandwich wrap paper
26101,royal paper
26100,resume paper
26099,red paper
26098,recycled paper
26097,raw paper
26096,rainbow paper
26095,quilling paper
26094,purple paper
26093,poster paper
26092,plum paper
26091,pink paper
26090,photos paper
26089,perforated paper
26088,peach paper
26087,paper wreath
26086,paper with lines
26085,paper with designs
26084,paper wall flowers
26083,paper wall
26082,paper turkey
26081,paper trimmer
26080,paper tree
26079,paper tea cups
26078,paper tape
26077,paper tags
26076,paper supplies
26075,paper straws
26074,paper stencils
26073,paper slicer
26072,paper sheets
26071,paper ruler
26070,paper punch
26069,paper products
26068,paper postcards
26067,paper placemats
26066,paper organization
26065,paper napkins
26064,paper mate inkjoy gel pens
26063,paper masks
26062,paper map
26061,paper making kit
26060,paper mache bowl
26059,paper light
26058,paper labels
26057,paper houses
26056,paper hole punch
26055,paper hearts
26054,paper gift bags
26053,paper garland
26052,paper folder
26051,paper flower bouquet
26050,paper flower backdrop
26049,paper flower
26048,paper fans
26047,paper dolls
26046,paper dinner napkins
26045,paper decorations
26044,paper decals
26043,paper cups
26042,paper culture holiday cards
26041,paper cube
26040,paper crowns
26039,paper confetti
26038,paper clips
26037,paper chandelier
26036,paper candy
26035,paper box
26034,paper bowls
26033,paper book
26032,paper anniversary gifts
26031,painting paper
26030,packing paper
26029,origami paper
26028,newsprint paper
26027,neenah paper
26026,napkin paper holder
26025,moving paper
26024,mohawk paper
26023,metallic paper
26022,matte paper
26021,marker paper
26020,marbled paper
26019,magnetic paper
26018,linen paper
26017,lined notebook paper
26016,letter headed paper
26015,legal paper
26014,leaf paper
26013,large paper flowers
26012,kraft paper
26011,k2 paper sheets
26010,invitation paper
26009,holographic paper
26008,green paper
26007,graphite paper
26006,gold foil paper
26005,gold contact paper
26004,glitter paper
26003,glassine paper
26002,french paper
26001,floral paper napkins
26000,finch paper
25999,fancy paper
25998,drawing pad paper
25997,dotted paper
25996,domtar paper
25995,digital paper
25994,decorative paper napkins
25993,deckle edge paper
25992,cutting paper
25991,custom paper products
25990,crane paper
25989,cotton paper
25988,copy paper
25987,cheese paper
25986,charcoal paper
25985,case paper
25984,cardstock paper
25983,carbonless paper
25982,business card paper
25981,brown paper
25980,brick paper
25979,blue paper
25978,blank journal paper
25977,bee paper
25976,art paper
25975,aged paper
25974,acid paper
25973,a6 paper
25972,8.5x14 paper
25971,8.5 x 11 paper
25970,at a glance weekly planner
25969,36x48 cork board
25968,meeting notebook
25967,small food containers
25966,kleenex cool touch
25965,check writer machine
25964,small wood tray
25963,charging stand
25962,cash envelopes for budgeting
25961,mahagony bookcases
25960,bible pens
25959,white cord covers
25958,storage tray
25957,manila folders with fasteners
25956,reel clip
25955,hp laserjet pro mfp m130fw
25954,laptop rack
25953,logitech m185 wireless mouse
25952,clay tray
25951,oxiclean carpet
25950,toshiba printer
25949,wireless charging pads
25948,adhesive letters
25947,colorful sticky notes
25946,avery fabric transfer
25945,drywall picture hangers
25944,steel scrubber
25943,filing trays
25942,soft bristle broom
25941,kick door stopper
25940,power strip cover
25939,metallic gel pens
25938,sublimation printer paper
25937,wood 3d printer
25936,stackable trays
25935,multiple business cards holder
25934,open shelving units
25933,clorox detergent
25932,digital message board
25931,streaming headset
25930,pen and pencil sets
25929,poop toilet spray
25928,dial foam soap refill
25927,office copier
25926,bic products
25925,coffee mate irish cream
25924,cash register scanner
25923,office mailboxes
25922,sharpie mean streak
25921,wifi printer scanner
25920,copy machine and printer
25919,large format laser printer
25918,hp color laserjet pro m454
25917,cushioned mouse pad
25916,self seal laminating sheets
25915,bluetooth speakerphone
25914,hl-l2360dw
25913,mfc-l2710dw toner
25912,bullet journal kit
25911,stick pen
25910,poly pocket folder
25909,mfp printer
25908,binder with pockets
25907,fast photo scanner
25906,fine line markers
25905,bibo 3d printer
25904,paper rack
25903,black vanity tray
25902,letter folder
25901,cute notepad
25900,brother prs100
25899,pocket business cards holder
25898,premium toner cartridge
25897,neon coloured pencils
25896,retractable pen
25895,pen mate
25894,electric lift table
25893,hp 410a
25892,bluetooth computer microphone
25891,plastic poster board
25890,rubbermaid roughneck tote
25889,utility bucket
25888,60x30 table top
25887,sliding tray
25886,magnetic dry erase markers
25885,flip calendar
25884,white pocket folder
25883,hp envy 5014 ink
25882,epson r3000
25881,gold office decor
25880,jumbo paperclips
25879,hp officejet 5252
25878,mead primary composition book
25877,legal files
25876,30 foot extension pole
25875,hiipoo sublimation ink
25874,android charging station
25873,payroll ledger
25872,good photo printer
25871,hp officejet pro 9025 ink
25870,battery clock
25869,printers and scanners
25868,tablet cover
25867,office safe
25866,hanging file cabinet
25865,hp deskjet 2742e
25864,cord ties
25863,art pen
25862,small table decor
25861,file rack
25860,electric clock
25859,pencil tray
25858,fun pens
25857,paper file
25856,leather journal for men
25855,modern black mirror
25854,fun gifts for coworkers
25853,nast gal
25852,3d printer shelf
25851,epson surecolor p700
25850,office wall clock
25849,brita filter faucet
25848,hp laserjet pro mfp
25847,small serving tray
25846,hp envy 6052 printer
25845,star wars alarm clock
25844,long tape measure
25843,hirsh filing cabinet
25842,nitrile gloves food safe
25841,color ink for printer
25840,adjustable computer table
25839,microphone for zoom meetings
25838,gel keyboard wrist rest
25837,jumbo paper clips
25836,cup holder tray
25835,hooks for wire shelving
25834,battery powered clock
25833,hanging file folder frame
25832,clorox scentiva bathroom foam cleaner
25831,mk550
25830,small foot rest
25829,black ink pen
25828,foam food containers
25827,epson l1300
25826,tall decor
25825,kodak scanner
25824,drawer paper
25823,anker bluetooth headphones
25822,pan holder
25821,printer accessories
25820,a3 printer
25819,office gifts for her
25818,tru red notebook
25817,college grad gifts
25816,magnetic fridge organizer
25815,wireless color printers
25814,wave keyboard
25813,clorox hand soap
25812,electric hole punch
25811,hp laserjet pro m501dn
25810,pixma mx492
25809,white tray table
25808,magnetic file holder
25807,at a glance daily planner
25806,epson wf 4740
25805,shredder lubricant sheets
25804,epsom printer
25803,cra z art colored pencils
25802,bluetooth lock
25801,table accessories
25800,epson f2000
25799,tork toilet paper
25798,brother fax 2840
25797,plastic push pins
25796,wire box
25795,mr clean gloves
25794,permatrack
25793,adesso keyboard
25792,binder bag
25791,unique office supplies
25790,lc3011
25789,folded paper towels
25788,lockers for home
25787,stand up shelf
25786,assorted tea boxes
25785,binder storage
25784,dry erase cork boards
25783,hp 8500 officejet pro
25782,oxiclean large area carpet cleaner
25781,command large hooks
25780,brother mfc-l5900dw
25779,hp officejet 7612
25778,hp laserjet pro mfp m227fdn
25777,multiple usb port
25776,hp m479fdn
25775,fellowes powershred
25774,sticker remover from plastic
25773,tent cards
25772,hon exposure
25771,sani professional wipes
25770,black hanging file folders
25769,aluminum cake pan
25768,screen printers
25767,homeschool organization
25766,100 cotton paper
25765,ea8300
25764,hp envy 5000 printer
25763,bible journaling supplies
25762,plotter machine
25761,a1 printer
25760,hp officejet 5212
25759,epson color printer
25758,office must haves
25757,binder sheet protectors
25756,small cup
25755,versa ink
25754,box of oreos
25753,jabra speak
25752,lysol peroxide spray
25751,office wall organizer
25750,mesh trash can
25749,electronic cord organizer
25748,solvent printer
25747,wired printer
25746,industrial office supplies
25745,ems gear
25744,vanity accessories
25743,bostich electric stapler
25742,big binder
25741,rubbermaid replacement lids
25740,impresora epson
25739,morpheus wireless headphones
25738,canoscan 9000f mark ii
25737,colored pencil sharpener
25736,ion uv sanitizer wand
25735,plastic makeup organizer
25734,finger print lock
25733,cylinder table
25732,10 year planner
25731,disposable apron
25730,frixion clicker erasable pens
25729,philips voice tracer
25728,office lockers
25727,hp deskjet plus 4158
25726,pilot g 2 gel pen
25725,clear thumb tacks
25724,construction paper organizer
25723,small fax machines
25722,ecotank ink
25721,gel ink pens
25720,hp deskjet 2724
25719,gold dial soap
25718,bic wite out
25717,brother pt d210
25716,mini shredder
25715,table top organizer
25714,office decorations for work
25713,drawer organizer tray
25712,nursing school supplies
25711,black metal tray
25710,electric pencil
25709,round wall clocks
25708,bedroom garbage can
25707,tack pins
25706,comfort items
25705,custom binders
25704,single drawer
25703,office furniture wholesale
25702,hb pencils
25701,lexmark toner
25700,acrylic pen holder
25699,pencil drawer
25698,hp mfp m477fnw
25697,tempera paint washable
25696,facial tissues
25695,hp m227fdw
25694,air wick stick ups
25693,charger organizer
25692,small organizer
25691,gold stapler
25690,big digital clock
25689,battery operated pencil sharpener
25688,hip trainer
25687,1 drawer file cabinet
25686,canon pixma tr7020
25685,rose gold home decor
25684,letter sorter
25683,bible accessories
25682,brother word processor
25681,laserjet printers
25680,clear plastic drawer organizer
25679,epson supertank printer
25678,hp 5200 printer
25677,bedside table decor
25676,lysol fabric sanitizer spray
25675,book gifts
25674,welding hammer
25673,canon crafting printer
25672,foot pillow
25671,hp officejet pro 7740 ink
25670,keyless lock
25669,pink binder
25668,office wall
25667,memobook
25666,chair glides for carpet
25665,compressed air for computers
25664,nsf shelving
25663,vvx 250
25662,cord storage
25661,g2 gel pens
25660,hide cable box
25659,dorm supplies
25658,shelf stand
25657,folder with fasteners
25656,cardstock printer
25655,hp officejet pro 8630
25654,epson ecotank et 3710
25653,door locks with keys
25652,charger cord organizer
25651,wellness mat
25650,kate spade office supplies
25649,ti 15 calculator
25648,red bird peppermint puffs
25647,hll3230cdw
25646,metal file boxes
25645,lysol cleaning supplies
25644,card box holder
25643,cable manager
25642,power supply cord
25641,modern living room wall decor
25640,cup organizer
25639,brother hl l8260cdw
25638,canon av 1
25637,hp ecotank printer
25636,brother mfc-l2717dw
25635,mini drawer organizer
25634,custom led
25633,astrobrights colored paper
25632,large bedroom mirror
25631,pencil cup holder
25630,setting table
25629,photo booth printer
25628,home table
25627,big scissors
25626,elmer's rubber cement
25625,scotch washi tape
25624,hp 4100
25623,plastic file holders
25622,digital wall clock modern
25621,computer pad
25620,cannon dr c225
25619,duplex printer
25618,fun office supplies
25617,contigo autospout
25616,gaming headset stand
25615,decorative box files
25614,box of cereal
25613,flavored lollipops
25612,computer cord organizer
25611,magazine organizer
25610,smallest printer
25609,vanilla folders
25608,pancake printer
25607,one step stool
25606,industrial stapler
25605,brother hl-l5200dwt
25604,bluetooth printer for phone
25603,data vac
25602,cute sticky notes
25601,condiment organizer
25600,canon mx490 printer
25599,organizer tray
25598,brother pocketjet
25597,conical tank
25596,cp1500avrlcd
25595,usb c power strip
25594,gingerbread creamer
25593,artist pens
25592,hp officejet pro 8028 ink
25591,anajet printer
25590,fold top sandwich bags
25589,cute teacher gifts
25588,cup with dome lid
25587,office credenzas
25586,plastic folders with prongs
25585,cool home gadgets
25584,commercial paper shredder
25583,small hp printer
25582,oscillating heaters
25581,paper pro stapler
25580,hp officejet pro 8600 printhead
25579,correction pens
25578,scotch mounting tape
25577,instant photo
25576,square tray
25575,stain remover pen
25574,sink tray
25573,white pencil
25572,uhu glue stick
25571,laptop tray for couch
25570,computer tray
25569,409 spray
25568,bic 4 color pen
25567,pixma mx922
25566,16 oz cups with lids
25565,laser printer ink
25564,epson l120
25563,glad storage containers
25562,filing folders
25561,clear push pins
25560,stackable cubes
25559,anker usb c
25558,markings by cr gibson
25557,tennsco cabinet
25556,flat toothpicks
25555,digital mirror
25554,electronic clock
25553,canon all in one printer
25552,3 in binder
25551,hp inkjet printer ink
25550,cartridge free printer
25549,small box files
25548,computer air duster
25547,hp deskjet plus 4155 ink
25546,hp jet printer
25545,invisible tape
25544,hp printer and scanner
25543,boston pencil sharpener
25542,stapler office supplies
25541,money order machine
25540,wooden coffee stirrers
25539,hp officejet 5740 ink
25538,storage case
25537,canon pixma g3260
25536,plastic dome lids for cups
25535,liquid fabric softener
25534,canon pixma g3200
25533,bullet journal pens
25532,gifts for office staff
25531,bon point
25530,cd wallet
25529,vertical file organizer
25528,printer power cord
25527,gel pen set
25526,accounting ledger book
25525,officejet pro 9015e
25524,lamp with speaker
25523,letter organizer
25522,adjustable clamp
25521,dlp 3d printer
25520,counter organizer
25519,disney office supplies
25518,pin box
25517,jumbo straws
25516,epson expression
25515,epson workforce wf 2750
25514,epson workforce pro
25513,teal toaster
25512,check printer
25511,alex plus dap
25510,hp 414a
25509,glves
25508,kitchen paper towel
25507,epson et 2550
25506,schedule book
25505,cute mouse pad
25504,bar code scanners
25503,extra large mouse pad
25502,bulk notebooks
25501,hp 8720 ink
25500,d ring binder
25499,headphone hanger
25498,funny gifts for teachers
25497,jabra puck
25496,mfc l3710cw
25495,college gifts
25494,hp deskjet 2655
25493,mesh drawer
25492,file baskets
25491,hl l2315dw
25490,tide simply clean and fresh
25489,metal file holder
25488,chem lights
25487,gifts for secretaries
25486,wire command hooks
25485,cubicle hooks
25484,hp sprocket plus
25483,cool office gadgets
25482,hp mini printer
25481,grid drawing paper
25480,metallic sharpie
25479,black stand
25478,epson et 4750
25477,label holders
25476,mini envelopes
25475,industrial paper shredder
25474,hp deskjet 1112
25473,hp 8720
25472,ceramic tray
25471,electronic organizer
25470,colouring pens
25469,mailing bag
25468,pack basket
25467,kids scissors
25466,hp 902
25465,brother dcp l2540dw
25464,binder holder
25463,organizer bags
25462,ti 84 ce plus
25461,hp plotter
25460,mini pens
25459,colored gel pens
25458,large rubber bands
25457,nutra max
25456,officejet pro 8710
25455,large living room mirror
25454,door handle with keypad
25453,multiple charging station
25452,lysol fabric sanitizer
25451,plastic pitcher with lid
25450,modern typewriter
25449,impresora para sublimacion
25448,uv flatbed printer
25447,clorox fraganzia multi purpose cleaner
25446,classroom storage
25445,canon printer scanner
25444,heavy duty shredder
25443,circular light bulb
25442,makeup tray
25441,organizing folders
25440,office drawer
25439,black serving tray
25438,hp bluetooth printer
25437,big notebook
25436,ti 83 graphing calculator
25435,travel must haves
25434,ativa paper shredder
25433,hp printer paper
25432,epson et 8550
25431,counter height craft table
25430,white drawer organizer
25429,five star pencil pouch
25428,hp envy photo 6255
25427,comfort gifts
25426,airwick essential mist refill
25425,wire shelving parts
25424,stationery organizer
25423,alphasmart neo 2
25422,electric wall clock
25421,cheez it box
25420,polaroid picture printer
25419,paper clamps
25418,flatbed printer
25417,funny coworker gifts
25416,dresser tray
25415,refillable planner
25414,casio graphing calculator
25413,bulk pens
25412,manila file folders
25411,custom office supplies
25410,fine liner
25409,hermes 3000 typewriter
25408,black dry erase markers
25407,poly sync 20
25406,craft printer
25405,brother mfc 9340cdw
25404,printers tray
25403,colored sharpies
25402,toilet tank tray
25401,personal hygiene products
25400,hp m29w
25399,power supply cable
25398,epson tank printer
25397,print scan copy
25396,copper tray
25395,mesh basket
25394,bic round stic pen
25393,business stamps
25392,hp neverstop laser 1001nw
25391,selphy printer
25390,file folder labels
25389,mini cereal boxes
25388,food safe gloves
25387,file cabinet hanging folders
25386,clorox stain remover
25385,ergohuman
25384,red laser pointer
25383,erasable gel pens
25382,sticky pad
25381,frixion pen refills
25380,ergonomic laptop stand
25379,hp officejet 4620
25378,gardettos flavors
25377,hp 8610 printhead
25376,epson p600
25375,dawn degreaser spray
25374,appointment planners
25373,journal for men
25372,dual usb port
25371,bk resources
25370,epson et 3750
25369,book page holder
25368,vis a vis markers
25367,eurotech ergohuman high back chair
25366,rectangular tray
25365,book rings
25364,epson 7840
25363,electronic dictionary
25362,keurig cleaning kit
25361,epson 7710 printer
25360,hanging folder organizer
25359,epson receipt scanner
25358,programmable calculator
25357,office things
25356,canon edible printer
25355,hp smart tank
25354,binder organizer
25353,poppin pens
25352,leather 3 ring binder
25351,desktop printer
25350,fridge storage
25349,computer cleaner spray
25348,electronic door knob
25347,dymo letratag tape
25346,magnetic wireless charger
25345,living room accessories
25344,printers compatible with mac
25343,hp 67xl
25342,gifts for female coworkers
25341,gonzo odor eliminator
25340,swingline heavy duty stapler
25339,large binder clips
25338,hp office jet 4650
25337,canon pixma ts8350
25336,envelope wallet
25335,binder folder
25334,custom table
25333,gauze pad
25332,pendaflex folders
25331,laptop printer
25330,mini portable printer
25329,magnetic tape roll
25328,trash can lids
25327,pin holder
25326,travel printer
25325,hp mfp m479fdw
25324,marker organizer
25323,tide he
25322,hp 3752
25321,artist smock
25320,soap tray
25319,lestoil cleaner
25318,rain design mstand
25317,goth room decor
25316,digital writing pad
25315,ergonomic foot rest
25314,language translator device
25313,pocket calendar
25312,weiman leather cleaner
25311,hp envy 7645
25310,mini first aid kit
25309,accounting ledger
25308,printing calculator
25307,appointed planner
25306,hp color laserjet pro
25305,fine tip pens
25304,chalk holder
25303,bluetooth mic
25302,document organizer
25301,hp officejet 200
25300,macbook pro stand
25299,sensitive baby wipes
25298,magazine storage
25297,computer light
25296,energel liquid gel ink
25295,usb charging port
25294,nzxt puck
25293,book tabs
25292,bulk crayons
25291,toner printer
25290,kleenex wet wipes
25289,hp officejet 6962
25288,100 mph tape
25287,pentel rsvp pens
25286,book carts
25285,clorox bleach crystals
25284,computer keyboard stand
25283,kawaii pens
25282,folder holder
25281,manila envelopes
25280,butt cushion
25279,epson all in one printer
25278,hp tango ink
25277,oreo package
25276,epson sublimation printer bundle
25275,luxury office
25274,shelves on wheels
25273,hp 962xl
25272,aveeno body lotion
25271,tilex cleaner
25270,key tray
25269,saf t pops
25268,a5 notebook
25267,whiteboard eraser
25266,hp 63 black ink cartridge
25265,ibm selectric typewriter
25264,garage entry door
25263,cd storage box
25262,office set
25261,gold clock
25260,day runner
25259,cute office decor
25258,avery name tags
25257,casio fx 9750giii
25256,dividers with pockets
25255,stackable plastic drawers
25254,nightstand with usb
25253,oki white toner printer
25252,paper cutter board
25251,home gadgets
25250,training gear
25249,brother mfc l2690dw
25248,monochrome printer
25247,small tray
25246,living room wall clock
25245,dr grip pen
25244,hon office furniture
25243,monitor light
25242,cup dispenser
25241,paper mate mechanical pencils
25240,canon pixma ts3320
25239,sanitaire
25238,levitating speaker
25237,tiny printer
25236,modern office decor
25235,dexley chair
25234,deflecto
25233,white card
25232,canon ts5320
25231,gel highlighter
25230,olympia typewriter
25229,2 pocket folders
25228,green tea k cups
25227,happy new year cards
25226,foldable clipboard
25225,floor cable cover
25224,high pile carpet
25223,hp deskjet 2755e
25222,junk drawer organizer
25221,food prep gloves
25220,airpods pro charger
25219,nursing clipboard
25218,leg rest
25217,cheap school supplies
25216,hp officejet 6600
25215,epson 2850
25214,epson surecolor p800
25213,oxiclean carpet cleaner
25212,ue roll
25211,rubbermaid utility cart
25210,jetstream pen
25209,mildliner
25208,lanyard for id badge
25207,comet bathroom cleaner
25206,brother hl-l2380dw
25205,business portfolio
25204,hp 952xl
25203,art organizer
25202,brother typewriter
25201,mail holder wall
25200,dorm room furniture
25199,mirror clock
25198,pen stand
25197,cute stationary
25196,hp deskjet 3772
25195,copy paper 10 ream case
25194,sticker printer machine
25193,white tray
25192,aluminum baking pans
25191,hand sanitizer bulk
25190,large gaming mouse pad
25189,caja fuerte
25188,nescafe coffee machine
25187,printer fax scanner
25186,craft drawer organizer
25185,holmes tower fan
25184,teen room decor
25183,home office supplies
25182,safety green
25181,game bags
25180,call bells
25179,modern wall mirror
25178,mr clean spray
25177,hp deskjet 2622
25176,lifeprint printer
25175,binding machines
25174,gifts for pc gamers
25173,black dry erase board
25172,inkjoy pens
25171,canon pixma g6020
25170,living room mirror
25169,hp officejet printer
25168,ipad printer
25167,germicidal bleach
25166,folder tabs
25165,extended mouse pad
25164,ti 84 plus c
25163,hp portable printer
25162,stainless steel wipes